timestamp	day	iteration	metric	delta	status	description
2026-03-16T07:03:51.146747+00:00	12	0	35.0	0	partial	added a new test for git workflow capabilities. 0 baseline baseline row for git workflow tests passing
2026-03-16T07:05:13.625984+00:00	12	1	35.0	0	crash	iteration 1 verify command failed
2026-03-16T07:07:09.730815+00:00	12	2	35.0	0	crash	iteration 2 verify command failed
2026-03-16T07:09:41.896811+00:00	12	3	35.0	0	crash	iteration 3 verify command failed
2026-03-17T12:41:36.564353+00:00	13	0	35.0	0	baseline	baseline row for git
2026-03-17T12:42:46.638858+00:00	13	1	35.0	0.0	discard	metric did not improve: implementation log was noisy
2026-03-17T12:44:34.021619+00:00	13	2	35.0	0	crash	iteration 2 verify command failed
2026-03-17T12:46:11.597591+00:00	13	3	3.0	-32.0	discard	metric did not improve: implementation log was noisy
2026-03-18T17:38:50.441481+00:00	14	0	35.0	0	baseline	baseline row for git
2026-03-18T17:40:11.264902+00:00	14	1	35.0	0	crash	iteration 1 verify command failed
2026-03-18T17:40:56.192223+00:00	14	2	35.0	0.0	discard	metric did not improve: implementation log was noisy
2026-03-18T17:41:35.779409+00:00	14	3	35.0	0	crash	iteration 3 verify command failed
2026-03-19T12:36:01.193600+00:00	15	0	35.0	0	baseline	baseline row for git
2026-03-19T12:37:22.324631+00:00	15	1	35.0	0.0	discard	metric did not improve: implementation log was noisy
2026-03-19T12:38:00.525535+00:00	15	2	35.0	0.0	discard	metric did not improve: implementation log was noisy
2026-03-19T12:38:45.630226+00:00	15	3	35.0	0.0	discard	metric did not improve: implementation log was noisy
2026-03-20T14:35:39.042284+00:00	16	0	51.0	0	baseline	baseline row for capability improvement measured via enhanced tests
2026-03-20T14:36:13.772085+00:00	16	1	51.0	0.0	discard	metric did not improve: implementation log was noisy
2026-03-20T14:37:04.352736+00:00	16	2	51.0	0	crash	iteration 2 verify command failed
2026-03-20T14:47:03.297566+00:00	16	3	51.0	0	crash	iteration 3 agent execution failed
2026-03-21T12:23:48.292633+00:00	17	0	51.0	0	baseline	baseline row for git workflow capabilities
2026-03-21T12:24:17.389632+00:00	17	1	51.0	0.0	discard	metric did not improve: # who i am
2026-03-21T12:24:49.362158+00:00	17	2	51.0	0.0	discard	metric did not improve: # who i am
2026-03-21T12:25:11.939374+00:00	17	3	51.0	0.0	discard	metric did not improve: # who i am
2026-03-22T12:24:59.514984+00:00	18	0	15.0	0	baseline	baseline row for recovery score
2026-03-22T12:25:29.218822+00:00	18	1	15.0	0.0	discard	metric did not improve: # who i am
2026-03-22T12:26:57.187820+00:00	18	2	15.0	0	crash	iteration 2 verify command failed
2026-03-22T12:27:38.932857+00:00	18	3	15.0	0.0	discard	metric did not improve: # who i am
2026-03-23T18:38:18.746082+00:00	19	0	15.0	0	baseline	baseline row for recovery
2026-03-23T18:39:31.508880+00:00	19	1	15.0	0.0	discard	metric did not improve: # who i am
2026-03-23T18:40:32.065368+00:00	19	2	15.0	0	crash	iteration 2 verify command failed
2026-03-23T18:41:30.769957+00:00	19	3	15.0	0.0	discard	metric did not improve: # who i am
2026-03-24T18:45:44.047147+00:00	20	0	15.0	0	baseline	baseline row for recovery
2026-03-24T18:46:28.480552+00:00	20	1	15.0	0.0	discard	metric did not improve: # who i am
2026-03-24T18:48:03.649952+00:00	20	2	15.0	0.0	discard	metric did not improve: # who i am
2026-03-24T18:49:19.035491+00:00	20	3	15.0	0.0	discard	metric did not improve: # who i am
2026-03-25T18:41:15.108084+00:00	21	0	15.0	0	baseline	baseline row for edit
2026-03-25T18:41:43.533768+00:00	21	1	15.0	0.0	discard	metric did not improve: # who i am
2026-03-25T18:42:15.438075+00:00	21	2	15.0	0.0	discard	metric did not improve: # who i am
2026-03-25T18:42:43.929864+00:00	21	3	15.0	0.0	discard	metric did not improve: # who i am
2026-03-26T18:49:06.211330+00:00	22	0	15.0	0	baseline	baseline row for score
2026-03-26T18:49:54.165113+00:00	22	1	15.0	0.0	discard	metric did not improve: # who i am
2026-03-26T18:51:00.240228+00:00	22	2	15.0	0	crash	iteration 2 verify command failed
2026-03-26T18:51:54.121903+00:00	22	3	15.0	0.0	discard	metric did not improve: # who i am
2026-03-26T21:42:45.548879+00:00	23	0	60.0	0	baseline	baseline row for git
2026-03-26T21:43:33.821848+00:00	23	1	60.0	0.0	discard	metric did not improve: my name is **ginji**. i am a small silver fox, and i am an ai coding agent. i started
2026-03-26T21:45:17.601230+00:00	23	2	60.0	0	crash	iteration 2 agent execution failed
2026-03-26T21:46:47.728099+00:00	23	3	60.0	0	crash	iteration 3 agent execution failed
2026-03-27T18:41:42.082033+00:00	24	0	60.0	0	baseline	baseline row for completion of multi-file edit scenarios
2026-03-27T18:45:05.171074+00:00	24	1	60.0	0	crash	iteration 1 verify command failed
2026-03-27T18:51:50.372997+00:00	24	2	60.0	0	crash	iteration 2 verify command failed
2026-03-27T18:56:07.446408+00:00	24	3	60.0	0	crash	iteration 3 verify command failed
2026-03-29T01:15:51.184000+00:00	25	0	60.0	0	baseline	baseline row for capability score
2026-03-29T01:17:16.090984+00:00	25	1	60.0	0.0	discard	metric did not improve: my name is **ginji**. i am a small silver fox, and i am an ai coding agent. i started
2026-03-29T01:17:52.628422+00:00	25	2	60.0	0.0	discard	metric did not improve: my name is **ginji**. i am a small silver fox, and i am an ai coding agent. i started
2026-03-29T01:18:20.591408+00:00	25	3	60.0	0.0	discard	metric did not improve: my name is **ginji**. i am a small silver fox, and i am an ai coding agent. i started
2026-03-29T12:29:35.905671+00:00	26	0	60.0	0	baseline	baseline row for score
2026-03-29T12:30:12.441075+00:00	26	1	60.0	0.0	discard	metric did not improve: my name is **ginji**. i am a small silver fox, and i am an ai coding agent. i started
2026-03-29T12:30:41.068233+00:00	26	2	60.0	0.0	discard	metric did not improve: my name is **ginji**. i am a small silver fox, and i am an ai coding agent. i started
2026-03-29T12:31:13.698976+00:00	26	3	60.0	0.0	discard	metric did not improve: my name is **ginji**. i am a small silver fox, and i am an ai coding agent. i started
2026-03-30T07:14:15.578209+00:00	27	0	60.0	0	baseline	baseline row for capability score
2026-03-30T07:16:02.875766+00:00	27	1	60.0	0	crash	iteration 1 verify command failed
2026-03-30T07:17:17.527711+00:00	27	2	60.0	0.0	discard	metric did not improve: my name is **ginji**. i am a small silver fox, and i am an ai coding agent. i started
2026-03-30T07:17:56.371633+00:00	27	3	60.0	0.0	discard	metric did not improve: my name is **ginji**. i am a small silver fox, and i am an ai coding agent. i started
2026-03-31T12:47:43.315041+00:00	28	0	60.0	0	baseline	baseline row for capability navigation score
2026-03-31T12:49:18.085727+00:00	28	1	60.0	0.0	discard	metric did not improve: my name is **ginji**. i am a small silver fox, and i am an ai coding agent. i started
2026-03-31T12:51:55.000299+00:00	28	2	60.0	0	crash	iteration 2 verify command failed
2026-03-31T12:52:43.587956+00:00	28	3	60.0	0.0	discard	metric did not improve: my name is **ginji**. i am a small silver fox, and i am an ai coding agent. i started
2026-04-01T07:07:32.649358+00:00	29	0	60.0	0	baseline	baseline row for capability score
2026-04-01T07:08:35.225634+00:00	29	1	60.0	0.0	discard	metric did not improve: my name is **ginji**. i am a small silver fox, and i am an ai coding agent. i started
2026-04-01T07:15:00.599716+00:00	29	2	60.0	0	crash	iteration 2 verify command failed
2026-04-01T07:21:24.602589+00:00	29	3	60.0	0	crash	iteration 3 verify command failed
2026-04-02T18:40:32.921286+00:00	30	0	60.0	0	baseline	baseline row for higher
2026-04-02T18:41:21.925674+00:00	30	1	60.0	0.0	discard	metric did not improve: my name is **ginji**. i am a small silver fox, and i am an ai coding agent. i started
2026-04-02T18:42:13.831361+00:00	30	2	60.0	0.0	discard	metric did not improve: my name is **ginji**. i am a small silver fox, and i am an ai coding agent. i started
2026-04-02T18:43:30.917967+00:00	30	3	60.0	0.0	discard	metric did not improve: my name is **ginji**. i am a small silver fox, and i am an ai coding agent. i started
2026-04-03T18:32:07.252195+00:00	31	0	60.0	0	baseline	baseline row for higher
2026-04-03T18:33:36.122450+00:00	31	1	60.0	0.0	discard	metric did not improve: my name is **ginji**. i am a small silver fox, and i am an ai coding agent. i started
2026-04-03T18:34:30.571034+00:00	31	2	60.0	0.0	discard	metric did not improve: my name is **ginji**. i am a small silver fox, and i am an ai coding agent. i started
2026-04-03T18:35:11.187362+00:00	31	3	60.0	0.0	discard	metric did not improve: my name is **ginji**. i am a small silver fox, and i am an ai coding agent. i started
2026-04-04T12:29:48.329206+00:00	32	0	60.0	0	baseline	baseline row for recovery
2026-04-04T12:43:25.645798+00:00	32	1	60.0	0	crash	iteration 1 agent execution failed
2026-04-04T12:44:50.975819+00:00	32	2	60.0	0	crash	iteration 2 verify command failed
2026-04-04T12:45:32.517260+00:00	32	3	60.0	0.0	discard	metric did not improve: my name is **ginji**. i am a small silver fox, and i am an ai coding agent. i started
2026-04-05T12:30:57.073527+00:00	33	0	60.0	0	baseline	baseline row for capability score
2026-04-05T12:33:40.961773+00:00	33	1	60.0	0	crash	iteration 1 agent execution failed
2026-04-05T12:34:12.541979+00:00	33	2	60.0	0.0	discard	metric did not improve: my name is **ginji**. i am a small silver fox, and i am an ai coding agent. i started
2026-04-05T12:34:48.773376+00:00	33	3	60.0	0.0	discard	metric did not improve: my name is **ginji**. i am a small silver fox, and i am an ai coding agent. i started
2026-04-06T12:43:12.172855+00:00	34	0	60.0	0	baseline	baseline row for git
2026-04-06T12:44:22.574139+00:00	34	1	60.0	0.0	discard	metric did not improve: my name is **ginji**. i am a small silver fox, and i am an ai coding agent. i started
2026-04-06T12:59:22.611719+00:00	34	2	60.0	0	crash	iteration 2 agent execution failed
2026-04-06T13:01:24.095655+00:00	34	3	60.0	0	crash	iteration 3 verify command failed
